n,J,count[-9:9],p-value,success
1000192,82,"[83, 88, 93, 69, 55, 54, 61, 79, 116, 138, 164, 174, 168, 154, 121, 82, 66, 76, 91]","[1.0981267472114393, 1.3116116815780625, 1.3170123674381309, 1.1986688847816482, 0.7178049194865026, 0.0, 0.3950918386598358, 0.19127301391900148, 0.4969418673368094, 0.3312945782245396, 0.35066719218483605, 0.32101211891111664, 0.5634791130125355, 0.5153471216826172, 0.3496117580613141, 0.04594229188737666, 0.4847260562353709, 0.7499402176078122]",FalseNOT RELIABLE: J = 500
1000192,138,"[139, 120, 120, 146, 147, 119, 98, 86, 73, 65, 290, 248, 200, 160, 156, 174, 150, 113, 121]","[1.5690962641291346, 1.2088642012256097, 0.7318978552073228, 0.28232985128663995, 0.2553769592276246, 0.5791405068790082, 0.22841609628806428, 0.6143414839787381, 0.7235680511449364, 0.7661308776828738, 0.4423258684646914, 0.1522773975253762, 0.14478512671975205, 0.26956456807360374, 0.5133270023393454, 0.6138498140448513, 0.7143288461787693, 0.7535791268514922]",TrueNOT RELIABLE: J = 500
